Date (UT),Time (yr),Freq (GHz),Flux (mJy),FluxErr (mJy),Lum (10^25 erg/s/Hz),LumErr,Instrument,Reference
27-Apr-1979,0.063,25.0,0.0,1.0,,,VLA,Weiler et al. (1986) (1.2 cm measurement)
27-Apr-1979,0.063,5.0,0.0,0.08,,,VLA,Weiler et al. (1986)
06-Apr-1980,1.005,5.0,5.3,0.2,,,VLA,Weiler et al. (1986)
30-Jun-1980,1.238,1.5,0.2,0.5,,,VLA,Weiler et al. (1986)
30-Jun-1980,1.238,5.0,8.3,0.44,,,VLA,Weiler et al. (1986)
28-Jul-1980,1.314,27.3,6.5,1.0,,,VLA,Weiler et al. (1986) (1.1 cm measurement)
05-Aug-1980,1.336,1.5,0.0,0.6,,,VLA,Weiler et al. (1986)
05-Aug-1980,1.336,5.0,7.6,0.47,,,VLA,Weiler et al. (1986)
05-Aug-1980,1.336,15.0,3.0,1.0,,,VLA,Weiler et al. (1986)
25-Oct-1980,1.558,5.0,6.8,0.27,,,VLA,Weiler et al. (1986)
04-Dec-1980,1.667,1.5,2.1,0.22,,,VLA,Weiler et al. (1986)
04-Dec-1980,1.667,5.0,6.9,0.27,,,VLA,Weiler et al. (1986)
04-Dec-1980,1.667,15.0,3.0,1.0,,,VLA,Weiler et al. (1986)
10-Jan-1981,1.769,1.5,2.5,0.18,,,VLA,Weiler et al. (1986)
10-Jan-1981,1.769,5.0,6.5,0.25,,,VLA,Weiler et al. (1986)
11-Feb-1981,1.856,1.5,2.7,0.22,,,VLA,Weiler et al. (1986)
11-Feb-1981,1.856,5.0,6.2,0.23,,,VLA,Weiler et al. (1986)
27-Feb-1981,1.9,1.5,2.8,0.23,,,VLA,Weiler et al. (1986)
27-Feb-1981,1.9,5.0,6.5,0.29,,,VLA,Weiler et al. (1986)
04-Mar-1981,1.914,1.5,2.8,0.32,,,VLA,Weiler et al. (1986)
04-Mar-1981,1.914,5.0,6.4,0.24,,,VLA,Weiler et al. (1986)
16-Apr-1981,2.031,1.5,4.4,0.26,,,VLA,Weiler et al. (1986)
16-Apr-1981,2.031,5.0,7.0,0.25,,,VLA,Weiler et al. (1986)
06-May-1981,2.086,1.5,4.8,0.27,,,VLA,Weiler et al. (1986)
06-May-1981,2.086,5.0,7.2,0.47,,,VLA,Weiler et al. (1986)
14-Jun-1981,2.193,1.5,6.0,0.46,,,VLA,Weiler et al. (1986)
14-Jun-1981,2.193,5.0,7.5,0.28,,,VLA,Weiler et al. (1986)
20-Jul-1981,2.292,1.5,7.1,0.4,,,VLA,Weiler et al. (1986)
20-Jul-1981,2.292,5.0,7.0,0.28,,,VLA,Weiler et al. (1986)
06-Aug-1981,2.338,1.5,7.1,0.4,,,VLA,Weiler et al. (1986)
06-Aug-1981,2.338,5.0,7.1,0.31,,,VLA,Weiler et al. (1986)
12-Sep-1981,2.439,1.5,7.6,0.49,,,VLA,Weiler et al. (1986)
12-Sep-1981,2.439,5.0,7.0,0.38,,,VLA,Weiler et al. (1986)
12-Sep-1981,2.439,15.0,2.8,0.5,,,VLA,Weiler et al. (1986)
18-Sep-1981,2.456,1.5,8.6,0.51,,,VLA,Weiler et al. (1986)
18-Sep-1981,2.456,5.0,7.9,0.33,,,VLA,Weiler et al. (1986)
20-Oct-1981,2.543,1.5,9.8,0.88,,,VLA,Weiler et al. (1986)
20-Oct-1981,2.543,5.0,8.2,0.29,,,VLA,Weiler et al. (1986)
06-Nov-1981,2.59,15.0,3.0,0.5,,,VLA,Weiler et al. (1986)
12-Nov-1981,2.606,1.5,6.5,1.1,,,VLA,Weiler et al. (1986)
12-Nov-1981,2.606,5.0,7.9,0.27,,,VLA,Weiler et al. (1986)
18-Dec-1981,2.705,1.5,8.6,0.81,,,VLA,Weiler et al. (1986)
18-Dec-1981,2.705,5.0,7.0,0.31,,,VLA,Weiler et al. (1986)
09-Jan-1982,2.765,1.5,9.5,0.61,,,VLA,Weiler et al. (1986)
09-Jan-1982,2.765,5.0,7.2,0.27,,,VLA,Weiler et al. (1986)
09-Feb-1982,2.85,1.5,10.2,0.43,,,VLA,Weiler et al. (1986)
09-Feb-1982,2.85,5.0,6.8,0.27,,,VLA,Weiler et al. (1986)
26-Mar-1982,2.973,1.5,10.8,0.45,,,VLA,Weiler et al. (1986)
26-Mar-1982,2.973,5.0,6.5,0.26,,,VLA,Weiler et al. (1986)
15-Apr-1982,3.028,1.5,10.3,0.43,,,VLA,Weiler et al. (1986)
15-Apr-1982,3.028,5.0,7.2,0.28,,,VLA,Weiler et al. (1986)
21-May-1982,3.127,1.5,10.4,0.41,,,VLA,Weiler et al. (1986)
21-May-1982,3.127,5.0,6.9,0.28,,,VLA,Weiler et al. (1986)
19-Jun-1982,3.206,1.5,12.2,0.49,,,VLA,Weiler et al. (1986)
19-Jun-1982,3.206,5.0,6.5,0.24,,,VLA,Weiler et al. (1986)
11-Jul-1982,3.239,1.5,10.1,0.42,,,VLA,Weiler et al. (1986)
11-Jul-1982,3.239,5.0,6.0,0.28,,,VLA,Weiler et al. (1986)
24-Aug-1982,3.359,1.5,10.2,0.43,,,VLA,Weiler et al. (1986)
24-Aug-1982,3.359,5.0,5.8,0.28,,,VLA,Weiler et al. (1986)
24-Sep-1982,3.444,1.5,11.5,0.52,,,VLA,Weiler et al. (1986)
24-Sep-1982,3.444,5.0,6.3,0.26,,,VLA,Weiler et al. (1986)
28-Oct-1982,3.537,1.5,11.2,0.58,,,VLA,Weiler et al. (1986)
28-Oct-1982,3.537,5.0,5.8,0.22,,,VLA,Weiler et al. (1986)
26-Nov-1982,3.617,15.0,3.6,0.5,,,VLA,Weiler et al. (1986)
04-Dec-1982,3.639,1.5,13.0,3.0,,,VLA,Weiler et al. (1986)
04-Dec-1982,3.639,5.0,5.9,0.24,,,VLA,Weiler et al. (1986)
29-Dec-1982,3.707,5.0,5.5,0.38,,,VLA,Weiler et al. (1986)
17-Jan-1983,3.759,1.5,11.3,0.58,,,VLA,Weiler et al. (1986)
17-Jan-1983,3.759,5.0,6.0,0.22,,,VLA,Weiler et al. (1986)
18-Feb-1983,3.847,1.5,10.2,0.63,,,VLA,Weiler et al. (1986)
18-Feb-1983,3.847,5.0,6.7,0.37,,,VLA,Weiler et al. (1986)
14-Mar-1983,3.915,1.5,9.6,1.4,,,VLA,Weiler et al. (1986)
14-Mar-1983,3.915,5.0,5.9,0.31,,,VLA,Weiler et al. (1986)
Mar-1983 (~),3.918,0.612,4.5,1.0,,,VLA,Weiler et al. (1986) (49 cm measurement)
03-Apr-1983,3.97,1.5,11.2,1.4,,,VLA,Weiler et al. (1986)
03-Apr-1983,3.97,5.0,5.5,0.22,,,VLA,Weiler et al. (1986)
04-May-1983,4.055,1.5,13.2,1.2,,,VLA,Weiler et al. (1986)
04-May-1983,4.055,5.0,5.6,0.23,,,VLA,Weiler et al. (1986)
26-May-1983,4.115,15.0,2.8,0.4,,,VLA,Weiler et al. (1986)
20-Jun-1983,4.183,1.5,11.1,0.81,,,VLA,Weiler et al. (1986)
20-Jun-1983,4.183,5.0,5.4,0.58,,,VLA,Weiler et al. (1986)
16-Jul-1983,4.255,5.0,5.4,0.47,,,VLA,Weiler et al. (1986)
11-Aug-1983,4.326,1.5,9.1,0.39,,,VLA,Weiler et al. (1986)
11-Aug-1983,4.326,5.0,4.6,0.25,,,VLA,Weiler et al. (1986)
15-Sep-1983,4.422,1.5,8.5,0.37,,,VLA,Weiler et al. (1986)
15-Sep-1983,4.422,5.0,3.6,0.18,,,VLA,Weiler et al. (1986)
19-Oct-1983,4.515,1.5,9.1,0.39,,,VLA,Weiler et al. (1986)
19-Oct-1983,4.515,5.0,4.9,0.19,,,VLA,Weiler et al. (1986)
13-Nov-1983,4.583,1.5,8.8,0.38,,,VLA,Weiler et al. (1986)
13-Nov-1983,4.583,5.0,4.1,0.17,,,VLA,Weiler et al. (1986)
22-Dec-1983,4.69,1.5,10.1,0.48,,,VLA,Weiler et al. (1986)
22-Dec-1983,4.69,5.0,4.6,0.18,,,VLA,Weiler et al. (1986)
07-Jan-1984,4.734,1.5,9.7,0.41,,,VLA,Weiler et al. (1986)
07-Jan-1984,4.734,5.0,4.6,0.25,,,VLA,Weiler et al. (1986)
12-Feb-1984,4.832,1.5,9.1,0.4,,,VLA,Weiler et al. (1986)
12-Feb-1984,4.832,5.0,4.1,0.16,,,VLA,Weiler et al. (1986)
12-Feb-1984,4.832,15.0,1.8,0.27,,,VLA,Weiler et al. (1986)
05-Mar-1984,4.89,1.5,8.9,0.6,,,VLA,Weiler et al. (1986)
05-Mar-1984,4.89,5.0,4.0,0.17,,,VLA,Weiler et al. (1986)
13-May-1984,5.079,5.0,3.8,0.2,,,VLA,Weiler et al. (1986)
12-Aug-1984,5.328,1.5,7.0,0.75,,,VLA,Weiler et al. (1986)
12-Aug-1984,5.328,5.0,3.4,0.18,,,VLA,Weiler et al. (1986)
16-Nov-1984,5.591,1.5,7.7,0.31,,,VLA,Weiler et al. (1986)
16-Nov-1984,5.591,5.0,3.3,0.14,,,VLA,Weiler et al. (1986)
18-Mar-1985,5.955,1.5,8.4,0.53,,,VLA,Weiler et al. (1991)
18-Mar-1985,5.955,5.0,3.61,0.21,,,VLA,Weiler et al. (1991)
28-Jun-1985,6.234,1.5,7.34,0.71,,,VLA,Weiler et al. (1991)
28-Jun-1985,6.234,5.0,3.49,0.22,,,VLA,Weiler et al. (1991)
22-Aug-1985,6.385,1.5,5.64,0.67,,,VLA,Weiler et al. (1991)
22-Aug-1985,6.385,5.0,3.6,0.23,,,VLA,Weiler et al. (1991)
14-Dec-1985,6.697,1.5,8.58,0.96,,,VLA,Weiler et al. (1991)
14-Dec-1985,6.697,5.0,3.0,0.19,,,VLA,Weiler et al. (1991)
28-Mar-1986,6.982,1.5,7.18,0.39,,,VLA,Weiler et al. (1991)
28-Mar-1986,6.982,5.0,3.67,0.2,,,VLA,Weiler et al. (1991)
16-Jun-1986,7.201,1.5,6.3,0.48,,,VLA,Weiler et al. (1991)
16-Jun-1986,7.201,5.0,3.95,0.24,,,VLA,Weiler et al. (1991)
25-Sep-1986,7.477,1.5,7.58,0.63,,,VLA,Weiler et al. (1991)
25-Sep-1986,7.477,5.0,3.4,0.19,,,VLA,Weiler et al. (1991)
15-Dec-1986,7.699,1.5,7.39,0.77,,,VLA,Weiler et al. (1991)
15-Dec-1986,7.699,5.0,3.19,0.19,,,VLA,Weiler et al. (1991)
05-Mar-1987,7.918,5.0,2.77,0.17,,,VLA,Weiler et al. (1991)
05-Mar-1987,7.918,15.0,1.11,0.16,,,VLA,Weiler et al. (1991)
24-Jun-1987,8.222,1.5,6.93,0.41,,,VLA,Weiler et al. (1991)
24-Jun-1987,8.222,5.0,3.58,0.22,,,VLA,Weiler et al. (1991)
18-Sep-1987,8.457,1.5,6.12,0.35,,,VLA,Weiler et al. (1991)
18-Sep-1987,8.457,5.0,2.5,0.16,,,VLA,Weiler et al. (1991)
20-Dec-1987,8.712,1.5,5.34,0.37,,,VLA,Weiler et al. (1991)
20-Dec-1987,8.712,5.0,2.9,0.17,,,VLA,Weiler et al. (1991)
31-Mar-1988,8.991,1.5,5.55,0.7,,,VLA,Weiler et al. (1991)
31-Mar-1988,8.991,5.0,2.7,0.16,,,VLA,Weiler et al. (1991)
16-Sep-1988,9.454,5.0,2.19,0.16,,,VLA,Weiler et al. (1991)
16-Sep-1988,9.454,15.0,0.66,0.35,,,VLA,Weiler et al. (1991)
29-Dec-1988,9.739,1.5,5.26,0.31,,,VLA,Weiler et al. (1991)
29-Dec-1988,9.739,5.0,2.13,0.14,,,VLA,Weiler et al. (1991)
06-Apr-1989,10.007,1.5,4.73,0.44,,,VLA,Weiler et al. (1991)
06-Apr-1989,10.007,5.0,2.61,0.15,,,VLA,Weiler et al. (1991)
17-Jul-1989,10.286,1.5,3.96,0.36,,,VLA,Weiler et al. (1991)
17-Jul-1989,10.286,5.0,1.83,0.12,,,VLA,Weiler et al. (1991)
21-Dec-1989,10.716,5.0,2.24,0.15,,,VLA,Weiler et al. (1991)
12-Feb-1990,10.861,5.0,1.9,0.18,,,VLA,Weiler et al. (1991)
29-May-1990,11.151,1.5,5.8,0.31,,,VLA,Weiler et al. (1991)
29-May-1990,11.151,5.0,2.3,0.14,,,VLA,Weiler et al. (1991)
07-Dec-1990,11.677,1.5,4.71,0.46,,,VLA,Weiler et al. (1991)
07-Dec-1990,11.677,5.0,2.39,0.13,,,VLA,Weiler et al. (1991)
28-Jul-1991,12.315,1.5,5.229,0.276,,,VLA,Montes et al. (2000)
28-Jul-1991,12.315,5.0,1.915,0.103,,,VLA,Montes et al. (2000)
31-Oct-1991,12.575,1.5,5.365,0.289,,,VLA,Montes et al. (2000)
31-Oct-1991,12.575,5.0,1.546,0.101,,,VLA,Montes et al. (2000)
01-Mar-1992,12.909,1.5,5.64,0.801,,,VLA,Montes et al. (2000)
01-Mar-1992,12.909,5.0,2.253,0.12,,,VLA,Montes et al. (2000)
13-Oct-1992,13.528,1.5,5.396,0.287,,,VLA,Montes et al. (2000)
13-Oct-1992,13.528,5.0,2.574,0.143,,,VLA,Montes et al. (2000)
28-Jan-1993,13.821,1.5,5.582,0.304,,,VLA,Montes et al. (2000)
28-Jan-1993,13.821,5.0,2.625,0.136,,,VLA,Montes et al. (2000)
07-May-1993,14.092,5.0,2.583,0.138,,,VLA,Montes et al. (2000)
17-Oct-1993,14.538,1.5,5.19,0.281,,,VLA,Montes et al. (2000)
17-Oct-1993,14.538,5.0,2.251,0.115,,,VLA,Montes et al. (2000)
18-Feb-1994,14.877,1.5,5.67,0.535,,,VLA,Montes et al. (2000)
18-Feb-1994,14.877,5.0,1.66,0.311,,,VLA,Montes et al. (2000)
25-Apr-1994,15.058,1.5,5.81,0.314,,,VLA,Montes et al. (2000)
25-Apr-1994,15.058,5.0,2.74,0.17,,,VLA,Montes et al. (2000)
15-Jun-1995,16.197,1.5,5.34,0.328,,,VLA,Montes et al. (2000)
15-Jun-1995,16.197,5.0,1.74,0.24,,,VLA,Montes et al. (2000)
12-Dec-1995,16.69,1.5,5.663,0.074,,,VLA,Montes et al. (2000)
12-Dec-1995,16.69,5.0,2.664,0.139,,,VLA,Montes et al. (2000)
06-Oct-1996,17.509,1.5,5.64,0.335,,,VLA,Montes et al. (2000)
06-Oct-1996,17.509,5.0,2.17,0.17,,,VLA,Montes et al. (2000)
21-Dec-1996,17.717,1.5,5.82,0.315,,,VLA,Montes et al. (2000)
21-Dec-1996,17.717,5.0,2.69,0.18,,,VLA,Montes et al. (2000)
21-Dec-1996,17.717,8.4,2.0,0.112,,,VLA,Montes et al. (2000)
21-Dec-1996,17.717,15.0,1.12,0.195,,,VLA,Montes et al. (2000)
23-Sep-1997,18.472,1.5,4.2,0.452,,,VLA,Montes et al. (2000)
23-Sep-1997,18.472,5.0,1.727,0.107,,,VLA,Montes et al. (2000)
10-Feb-1998,18.856,5.0,1.93,0.107,,,VLA,Montes et al. (2000)
10-Feb-1998,18.856,15.0,0.95,0.264,,,VLA,Montes et al. (2000)
13-Feb-1998,18.864,1.5,5.46,0.279,,,VLA,Montes et al. (2000)
13-Feb-1998,18.864,5.0,2.68,0.149,,,VLA,Montes et al. (2000)
19-Oct-1998,19.543,1.5,5.14,0.406,,,VLA,Montes et al. (2000)
19-Oct-1998,19.543,5.0,2.5,0.136,,,VLA,Montes et al. (2000)
22-Feb-2001,21.89,1.67,4.28,0.23,150,8,VLA,Bartel & Bietenholz 2003
22-Feb-2001,21.89,8.46,2.30,0.40,80,14,VLA,Bartel & Bietenholz 2003
18-Nov-2002,23.62,1.60,2.96,0.06,104,2,Global VLBI,Marcaide et al. 2009
25-Feb-2005,25.90,1.43,3.19,0.22,112,8,Global VLBI,Bartel & Bietenholz 2008
25-Feb-2005,25.90,4.99,1.68,0.09,58.8,3.1,Global VLBI,Bartel & Bietenholz 2008
25-Feb-2005,25.90,8.43,1.37,0.10,47.9,3.5,Global VLBI,Bartel & Bietenholz 2008
19-Feb-2008,28.88,8.40,0.72,0.028,25.2,1.0,VLA,Lundqvist 2026
19-Jan-2019,39.79,0.146,4.60,0.36,161,13,LOFAR,Lundqvist 2026
29-Aug-2019,40.40,6.10,0.36,0.02,12.6,0.7,VLA,Lundqvist 2026
11-Jan-2020,40.79,0.65,1.76,0.09,61.6,3.1,GMRT,Lundqvist 2026
13-Jan-2020,40.79,1.26,1.22,0.05,42.7,1.7,GMRT,Lundqvist 2026
17-Jan-2020,40.79,5.10,0.34,0.02,11.9,0.7,e-MERLIN,Lundqvist 2026
27-Aug-2020,41.40,4.50,0.36,0.02,12.5,0.7,e-MERLIN,Lundqvist 2026
30-Aug-2020,41.41,1.50,1.014,0.033,35.5,1.2,e-MERLIN,Lundqvist 2026
15-Nov-2020,41.62,6.10,0.37,0.02,12.9,0.7,VLA,Lundqvist 2026